﻿<?xml version="1.0" encoding="utf-8"?>
<doc>
  <assembly>
    <name>Microsoft.Owin.Security.MicrosoftAccount</name>
  </assembly>
  <members>
    <member name="T:Microsoft.Owin.Security.MicrosoftAccount.IMicrosoftAccountAuthenticationProvider">
      <summary>
        <see cref="T:Microsoft.Owin.Security.MicrosoftAccount.MicrosoftAccountAuthenticationMiddleware" />가 개발자가 인증 프로세스를 제어할 수 있도록 하기 위해 호출하는 콜백 메서드를 지정합니다./&amp;amp;gt;</summary>
    </member>
    <member name="M:Microsoft.Owin.Security.MicrosoftAccount.IMicrosoftAccountAuthenticationProvider.ApplyRedirect(Microsoft.Owin.Security.MicrosoftAccount.MicrosoftAccountApplyRedirectContext)">
      <summary>Challenge로 인해 리디렉션에서 Microsoft 미들웨어의 끝점에 권한을 부여할 때 호출됩니다.</summary>
      <param name="context">Challenge의 리디렉션 URI 및 <see cref="T:Microsoft.Owin.Security.AuthenticationProperties" />를 포함합니다.</param>
    </member>
    <member name="M:Microsoft.Owin.Security.MicrosoftAccount.IMicrosoftAccountAuthenticationProvider.Authenticated(Microsoft.Owin.Security.MicrosoftAccount.MicrosoftAccountAuthenticatedContext)">
      <summary>Microsoft가 사용자를 인증할 때마다 호출됩니다.</summary>
      <returns>완료된 작업을 나타내는 <see cref="T:System.Threading.Tasks.Task" />입니다.</returns>
      <param name="context">사용자 <see cref="T:System.Security.Claims.ClaimsIdentity" /> 및 로그인 세션에 대한 정보를 포함합니다.</param>
    </member>
    <member name="M:Microsoft.Owin.Security.MicrosoftAccount.IMicrosoftAccountAuthenticationProvider.ReturnEndpoint(Microsoft.Owin.Security.MicrosoftAccount.MicrosoftAccountReturnEndpointContext)">
      <summary>
        <see cref="T:System.Security.Claims.ClaimsIdentity" />가 로컬 쿠키에 저장되고 브라우저가 원래 요청된 URL로 리디렉션되기 전에 호출됩니다.</summary>
      <returns>완료된 작업을 나타내는 <see cref="T:System.Threading.Tasks.Task" />입니다.</returns>
    </member>
    <member name="T:Microsoft.Owin.Security.MicrosoftAccount.MicrosoftAccountApplyRedirectContext">
      <summary>Challenge로 인해 리디렉션에서 Microsoft 계정 미들웨어의 끝점에 권한을 부여할 때 전달되는 컨텍스트입니다.</summary>
    </member>
    <member name="M:Microsoft.Owin.Security.MicrosoftAccount.MicrosoftAccountApplyRedirectContext.#ctor(Microsoft.Owin.IOwinContext,Microsoft.Owin.Security.MicrosoftAccount.MicrosoftAccountAuthenticationOptions,Microsoft.Owin.Security.AuthenticationProperties,System.String)">
      <summary>새 컨텍스트 개체를 만듭니다.</summary>
      <param name="context">OWIN 요청 컨텍스트입니다.</param>
      <param name="options">Microsoft 계정 미들웨어 옵션입니다.</param>
      <param name="properties">Challenge의 인증 속성입니다.</param>
      <param name="redirectUri">초기 리디렉션 URI입니다.</param>
    </member>
    <member name="P:Microsoft.Owin.Security.MicrosoftAccount.MicrosoftAccountApplyRedirectContext.Properties">
      <summary>Challenge의 인증 속성을 가져옵니다.</summary>
    </member>
    <member name="P:Microsoft.Owin.Security.MicrosoftAccount.MicrosoftAccountApplyRedirectContext.RedirectUri">
      <summary>리디렉션 작업에 사용되는 URI를 가져옵니다.</summary>
    </member>
    <member name="T:Microsoft.Owin.Security.MicrosoftAccount.MicrosoftAccountAuthenticatedContext">
      <summary>사용자 <see cref="T:System.Security.Claims.ClaimsIdentity" /> 및 로그인 세션에 대한 정보를 포함합니다.</summary>
    </member>
    <member name="M:Microsoft.Owin.Security.MicrosoftAccount.MicrosoftAccountAuthenticatedContext.#ctor(Microsoft.Owin.IOwinContext,Newtonsoft.Json.Linq.JObject,System.String,System.String,System.String)">
      <summary>
        <see cref="T:Microsoft.Owin.Security.MicrosoftAccount.MicrosoftAccountAuthenticatedContext" />를 초기화합니다.</summary>
      <param name="context">OWIN 환경입니다.</param>
      <param name="user">JSON 직렬화된 사용자입니다.</param>
      <param name="accessToken">Microsoft 인증 서비스에서 제공하는 액세스 토큰입니다.</param>
      <param name="refreshToken">Microsoft 인증 서비스에서 제공하는 새로 고침 토큰입니다.</param>
      <param name="expires">만료될 때까지의 시간(초)입니다.</param>
    </member>
    <member name="P:Microsoft.Owin.Security.MicrosoftAccount.MicrosoftAccountAuthenticatedContext.AccessToken">
      <summary>Microsoft 인증 서비스에서 제공하는 액세스 토큰을 가져옵니다.</summary>
    </member>
    <member name="P:Microsoft.Owin.Security.MicrosoftAccount.MicrosoftAccountAuthenticatedContext.Email">
      <summary>사용자 전자 메일 주소를 가져옵니다.</summary>
    </member>
    <member name="P:Microsoft.Owin.Security.MicrosoftAccount.MicrosoftAccountAuthenticatedContext.ExpiresIn">
      <summary>Microsoft 액세스 토큰 만료 시간을 가져옵니다.</summary>
    </member>
    <member name="P:Microsoft.Owin.Security.MicrosoftAccount.MicrosoftAccountAuthenticatedContext.FirstName">
      <summary>사용자의 이름을 가져옵니다.</summary>
    </member>
    <member name="P:Microsoft.Owin.Security.MicrosoftAccount.MicrosoftAccountAuthenticatedContext.Id">
      <summary>Microsoft 계정 사용자 ID를 가져옵니다.</summary>
    </member>
    <member name="P:Microsoft.Owin.Security.MicrosoftAccount.MicrosoftAccountAuthenticatedContext.Identity">
      <summary>사용자를 나타내는 <see cref="T:System.Security.Claims.ClaimsIdentity" />를 가져옵니다.</summary>
    </member>
    <member name="P:Microsoft.Owin.Security.MicrosoftAccount.MicrosoftAccountAuthenticatedContext.LastName">
      <summary>사용자의 성을 가져옵니다.</summary>
    </member>
    <member name="P:Microsoft.Owin.Security.MicrosoftAccount.MicrosoftAccountAuthenticatedContext.Name">
      <summary>사용자 이름을 가져옵니다.</summary>
    </member>
    <member name="P:Microsoft.Owin.Security.MicrosoftAccount.MicrosoftAccountAuthenticatedContext.Properties">
      <summary>공통 인증 속성에 대한 속성 모음을 가져오거나 설정합니다.</summary>
    </member>
    <member name="P:Microsoft.Owin.Security.MicrosoftAccount.MicrosoftAccountAuthenticatedContext.RefreshToken">
      <summary>Microsoft 인증 서비스에서 제공하는 새로 고침 토큰을 가져옵니다.</summary>
    </member>
    <member name="P:Microsoft.Owin.Security.MicrosoftAccount.MicrosoftAccountAuthenticatedContext.User">
      <summary>JSON 직렬화된 사용자를 가져옵니다.</summary>
    </member>
    <member name="T:Microsoft.Owin.Security.MicrosoftAccount.MicrosoftAccountAuthenticationMiddleware">
      <summary>Microsoft 계정 서비스를 사용하여 사용자를 인증하기 위한 OWIN 미들웨어입니다.</summary>
    </member>
    <member name="M:Microsoft.Owin.Security.MicrosoftAccount.MicrosoftAccountAuthenticationMiddleware.#ctor(Microsoft.Owin.OwinMiddleware,Owin.IAppBuilder,Microsoft.Owin.Security.MicrosoftAccount.MicrosoftAccountAuthenticationOptions)">
      <summary>
        <see cref="T:Microsoft.Owin.Security.MicrosoftAccount.MicrosoftAccountAuthenticationMiddleware" />를 초기화합니다.</summary>
      <param name="next">OWIN 파이프라인에서 호출할 다음 미들웨어입니다.</param>
      <param name="app">OWIN 응용 프로그램입니다.</param>
      <param name="options">미들웨어에 대한 구성 옵션입니다.</param>
    </member>
    <member name="M:Microsoft.Owin.Security.MicrosoftAccount.MicrosoftAccountAuthenticationMiddleware.CreateHandler">
      <summary>인증 관련 요청을 처리하기 위한 <see cref="T:Microsoft.Owin.Security.Infrastructure.AuthenticationHandler" /> 개체를 제공합니다.</summary>
      <returns>생성자에 제공된 <see cref="T:Microsoft.Owin.Security.MicrosoftAccount.MicrosoftAccountAuthenticationOptions" />로 구성된 <see cref="T:Microsoft.Owin.Security.Infrastructure.AuthenticationHandler" />입니다.</returns>
    </member>
    <member name="T:Microsoft.Owin.Security.MicrosoftAccount.MicrosoftAccountAuthenticationOptions">
      <summary>
        <see cref="T:Microsoft.Owin.Security.MicrosoftAccount.MicrosoftAccountAuthenticationMiddleware" />에 대한 구성 옵션입니다.</summary>
    </member>
    <member name="M:Microsoft.Owin.Security.MicrosoftAccount.MicrosoftAccountAuthenticationOptions.#ctor">
      <summary>새 <see cref="T:Microsoft.Owin.Security.MicrosoftAccount.MicrosoftAccountAuthenticationOptions" />를 초기화합니다.</summary>
    </member>
    <member name="P:Microsoft.Owin.Security.MicrosoftAccount.MicrosoftAccountAuthenticationOptions.BackchannelCertificateValidator">
      <summary>Microsoft 계정에 속하는 백채널 통신에 사용되는 끝점의 유효성을 검사하는 데 사용할 고정 인증서 유효성 검사기를 가져오거나 설정합니다.</summary>
      <returns>고정 인증서 유효성 검사기입니다.</returns>
    </member>
    <member name="P:Microsoft.Owin.Security.MicrosoftAccount.MicrosoftAccountAuthenticationOptions.BackchannelHttpHandler">
      <summary>Microsoft와 통신하는 데 사용되는 HttpMessageHandler입니다.값을 WebRequestHandler로 다운캐스트할 수 있는 경우 외에는 동시에 BackchannelCertificateValidator로는 설정할 수 없습니다.</summary>
    </member>
    <member name="P:Microsoft.Owin.Security.MicrosoftAccount.MicrosoftAccountAuthenticationOptions.BackchannelTimeout">
      <summary>Microsoft와의 백채널 통신에 사용할 시간 초과 값(밀리초)을 가져오거나 설정합니다.</summary>
      <returns>백채널 시간 초과입니다.</returns>
    </member>
    <member name="P:Microsoft.Owin.Security.MicrosoftAccount.MicrosoftAccountAuthenticationOptions.CallbackPath">
      <summary>사용자 에이전트가 반환될 응용 프로그램의 기본 경로 내의 요청 경로입니다.이 요청이 도착하면 미들웨어가 처리합니다.기본값은 "/signin-microsoft"입니다.</summary>
    </member>
    <member name="P:Microsoft.Owin.Security.MicrosoftAccount.MicrosoftAccountAuthenticationOptions.Caption">
      <summary>사용자가 로그인 사용자 인터페이스에 표시할 수 있는 텍스트를 가져오거나 설정합니다.</summary>
    </member>
    <member name="P:Microsoft.Owin.Security.MicrosoftAccount.MicrosoftAccountAuthenticationOptions.ClientId">
      <summary>Microsoft 인증 서비스에서 할당한 응용 프로그램 클라이언트 ID입니다.</summary>
    </member>
    <member name="P:Microsoft.Owin.Security.MicrosoftAccount.MicrosoftAccountAuthenticationOptions.ClientSecret">
      <summary>Microsoft 인증 서비스에서 할당한 응용 프로그램 클라이언트 암호입니다.</summary>
    </member>
    <member name="P:Microsoft.Owin.Security.MicrosoftAccount.MicrosoftAccountAuthenticationOptions.Provider">
      <summary>인증 이벤트를 처리하는 데 사용되는 <see cref="T:Microsoft.Owin.Security.MicrosoftAccount.IMicrosoftAccountAuthenticationProvider" />를 가져오거나 설정합니다.</summary>
    </member>
    <member name="P:Microsoft.Owin.Security.MicrosoftAccount.MicrosoftAccountAuthenticationOptions.Scope">
      <summary>요청할 권한 목록입니다.</summary>
    </member>
    <member name="P:Microsoft.Owin.Security.MicrosoftAccount.MicrosoftAccountAuthenticationOptions.SignInAsAuthenticationType">
      <summary>실제로 사용자 <see cref="T:System.Security.Claims.ClaimsIdentity" /> 발급을 담당하는 다른 인증 미들웨어의 이름을 가져오거나 설정합니다.</summary>
    </member>
    <member name="P:Microsoft.Owin.Security.MicrosoftAccount.MicrosoftAccountAuthenticationOptions.StateDataFormat">
      <summary>미들웨어가 처리하는 데이터를 보호하는 데 사용되는 유형을 가져오거나 설정합니다.</summary>
    </member>
    <member name="T:Microsoft.Owin.Security.MicrosoftAccount.MicrosoftAccountAuthenticationProvider">
      <summary>기본 <see cref="T:Microsoft.Owin.Security.MicrosoftAccount.IMicrosoftAccountAuthenticationProvider" /> 구현입니다.</summary>
    </member>
    <member name="M:Microsoft.Owin.Security.MicrosoftAccount.MicrosoftAccountAuthenticationProvider.#ctor">
      <summary>새 <see cref="T:Microsoft.Owin.Security.MicrosoftAccount.MicrosoftAccountAuthenticationProvider" />를 초기화합니다.</summary>
    </member>
    <member name="M:Microsoft.Owin.Security.MicrosoftAccount.MicrosoftAccountAuthenticationProvider.ApplyRedirect(Microsoft.Owin.Security.MicrosoftAccount.MicrosoftAccountApplyRedirectContext)">
      <summary>Challenge로 인해 리디렉션에서 Microsoft 계정 미들웨어의 끝점에 권한을 부여할 때 호출됩니다.</summary>
      <param name="context">Challenge의 리디렉션 URI 및 <see cref="T:Microsoft.Owin.Security.AuthenticationProperties" />를 포함합니다.</param>
    </member>
    <member name="M:Microsoft.Owin.Security.MicrosoftAccount.MicrosoftAccountAuthenticationProvider.Authenticated(Microsoft.Owin.Security.MicrosoftAccount.MicrosoftAccountAuthenticatedContext)">
      <summary>Microsoft가 사용자를 인증할 때마다 호출됩니다.</summary>
      <returns>완료된 작업을 나타내는 <see cref="T:System.Threading.Tasks.Task" />입니다.</returns>
      <param name="context">사용자 <see cref="T:System.Security.Claims.ClaimsIdentity" /> 및 로그인 세션에 대한 정보를 포함합니다.</param>
    </member>
    <member name="P:Microsoft.Owin.Security.MicrosoftAccount.MicrosoftAccountAuthenticationProvider.OnApplyRedirect">
      <summary>ApplyRedirect 메서드가 호출될 때 호출되는 대리자를 가져오거나 설정합니다.</summary>
    </member>
    <member name="P:Microsoft.Owin.Security.MicrosoftAccount.MicrosoftAccountAuthenticationProvider.OnAuthenticated">
      <summary>Authenticated 메서드가 호출될 때 호출되는 함수를 가져오거나 설정합니다.</summary>
    </member>
    <member name="P:Microsoft.Owin.Security.MicrosoftAccount.MicrosoftAccountAuthenticationProvider.OnReturnEndpoint">
      <summary>ReturnEndpoint 메서드가 호출될 때 호출되는 함수를 가져오거나 설정합니다.</summary>
    </member>
    <member name="M:Microsoft.Owin.Security.MicrosoftAccount.MicrosoftAccountAuthenticationProvider.ReturnEndpoint(Microsoft.Owin.Security.MicrosoftAccount.MicrosoftAccountReturnEndpointContext)">
      <summary>
        <see cref="T:System.Security.Claims.ClaimsIdentity" />가 로컬 쿠키에 저장되고 브라우저가 원래 요청된 URL로 리디렉션되기 전에 호출됩니다.</summary>
      <returns>완료된 작업을 나타내는 <see cref="T:System.Threading.Tasks.Task" />입니다.</returns>
      <param name="context">사용자 <see cref="T:System.Security.Claims.ClaimsIdentity" /> 및 로그인 세션에 대한 정보를 포함합니다.</param>
    </member>
    <member name="T:Microsoft.Owin.Security.MicrosoftAccount.MicrosoftAccountReturnEndpointContext">
      <summary>미들웨어 공급자에 컨텍스트 정보를 제공합니다.</summary>
    </member>
    <member name="M:Microsoft.Owin.Security.MicrosoftAccount.MicrosoftAccountReturnEndpointContext.#ctor(Microsoft.Owin.IOwinContext,Microsoft.Owin.Security.AuthenticationTicket)">
      <summary>새 <see cref="T:Microsoft.Owin.Security.MicrosoftAccount.MicrosoftAccountReturnEndpointContext" />를 초기화합니다.</summary>
      <param name="context">OWIN 환경입니다.</param>
      <param name="ticket">인증 티켓입니다.</param>
    </member>
    <member name="T:Owin.MicrosoftAccountAuthenticationExtensions">
      <summary>
        <see cref="T:Microsoft.Owin.Security.MicrosoftAccount.MicrosoftAccountAuthenticationMiddleware" />를 사용하기 위한 확장 메서드입니다.</summary>
    </member>
    <member name="M:Owin.MicrosoftAccountAuthenticationExtensions.UseMicrosoftAccountAuthentication(Owin.IAppBuilder,Microsoft.Owin.Security.MicrosoftAccount.MicrosoftAccountAuthenticationOptions)">
      <summary>Microsoft 계정을 사용하여 사용자를 인증합니다.</summary>
      <returns>업데이트된 <see cref="T:Owin.IAppBuilder" />입니다.</returns>
      <param name="app">구성 메서드로 전달되는 <see cref="T:Owin.IAppBuilder" />입니다.</param>
      <param name="options">미들웨어 구성 옵션입니다.</param>
    </member>
    <member name="M:Owin.MicrosoftAccountAuthenticationExtensions.UseMicrosoftAccountAuthentication(Owin.IAppBuilder,System.String,System.String)">
      <summary>Microsoft 계정을 사용하여 사용자를 인증합니다.</summary>
      <param name="app">구성 메서드로 전달되는 <see cref="T:Owin.IAppBuilder" />입니다.</param>
      <param name="clientId">Microsoft 인증 서비스에서 할당한 응용 프로그램 클라이언트 ID입니다.</param>
      <param name="clientSecret">Microsoft 인증 서비스에서 할당한 응용 프로그램 클라이언트 암호입니다.</param>
    </member>
  </members>
</doc>