﻿<?xml version="1.0" encoding="utf-8"?>
<doc>
  <assembly>
    <name>Microsoft.Owin.Security.Twitter</name>
  </assembly>
  <members>
    <member name="T:Microsoft.Owin.Security.Twitter.ITwitterAuthenticationProvider">
      <summary>
        <see cref="T:Microsoft.Owin.Security.Twitter.TwitterAuthenticationMiddleware" />가 개발자가 인증 프로세스를 제어할 수 있도록 하기 위해 호출하는 콜백 메서드를 지정합니다./&amp;amp;gt;</summary>
    </member>
    <member name="M:Microsoft.Owin.Security.Twitter.ITwitterAuthenticationProvider.ApplyRedirect(Microsoft.Owin.Security.Twitter.TwitterApplyRedirectContext)">
      <summary>Challenge로 인해 리디렉션에서 Twitter 미들웨어의 끝점에 권한을 부여할 때 호출됩니다.</summary>
      <param name="context">Challenge의 리디렉션 URI 및 <see cref="T:Microsoft.Owin.Security.AuthenticationProperties" />를 포함합니다.</param>
    </member>
    <member name="M:Microsoft.Owin.Security.Twitter.ITwitterAuthenticationProvider.Authenticated(Microsoft.Owin.Security.Twitter.TwitterAuthenticatedContext)">
      <summary>Twitter가 사용자를 인증할 때마다 호출됩니다.</summary>
      <returns>완료된 작업을 나타내는 <see cref="T:System.Threading.Tasks.Task" />입니다.</returns>
      <param name="context">사용자 <see cref="T:System.Security.Claims.ClaimsIdentity" /> 및 로그인 세션에 대한 정보를 포함합니다.</param>
    </member>
    <member name="M:Microsoft.Owin.Security.Twitter.ITwitterAuthenticationProvider.ReturnEndpoint(Microsoft.Owin.Security.Twitter.TwitterReturnEndpointContext)">
      <summary>
        <see cref="T:System.Security.Claims.ClaimsIdentity" />가 로컬 쿠키에 저장되고 브라우저가 원래 요청된 URL로 리디렉션되기 전에 호출됩니다.</summary>
      <returns>완료된 작업을 나타내는 <see cref="T:System.Threading.Tasks.Task" />입니다.</returns>
    </member>
    <member name="T:Microsoft.Owin.Security.Twitter.TwitterApplyRedirectContext">
      <summary>Challenge로 인해 리디렉션에서 Twitter 미들웨어의 끝점에 권한을 부여할 때 전달되는 컨텍스트입니다.</summary>
    </member>
    <member name="M:Microsoft.Owin.Security.Twitter.TwitterApplyRedirectContext.#ctor(Microsoft.Owin.IOwinContext,Microsoft.Owin.Security.Twitter.TwitterAuthenticationOptions,Microsoft.Owin.Security.AuthenticationProperties,System.String)">
      <summary>새 컨텍스트 개체를 만듭니다.</summary>
      <param name="context">OWIN 요청 컨텍스트입니다.</param>
      <param name="options">Facebook 미들웨어 옵션입니다.</param>
      <param name="properties">Challenge의 인증 속성입니다.</param>
      <param name="redirectUri">초기 리디렉션 URI입니다.</param>
    </member>
    <member name="P:Microsoft.Owin.Security.Twitter.TwitterApplyRedirectContext.Properties">
      <summary>Challenge의 인증 속성을 가져옵니다.</summary>
    </member>
    <member name="P:Microsoft.Owin.Security.Twitter.TwitterApplyRedirectContext.RedirectUri">
      <summary>리디렉션 작업에 사용되는 URI를 가져옵니다.</summary>
    </member>
    <member name="T:Microsoft.Owin.Security.Twitter.TwitterAuthenticatedContext">
      <summary>사용자 <see cref="T:System.Security.Claims.ClaimsIdentity" /> 및 로그인 세션에 대한 정보를 포함합니다.</summary>
    </member>
    <member name="M:Microsoft.Owin.Security.Twitter.TwitterAuthenticatedContext.#ctor(Microsoft.Owin.IOwinContext,System.String,System.String,System.String,System.String)">
      <summary>
        <see cref="T:Microsoft.Owin.Security.Twitter.TwitterAuthenticatedContext" />를 초기화합니다.</summary>
      <param name="context">OWIN 환경입니다.</param>
      <param name="userId">Twitter 사용자 ID입니다.</param>
      <param name="screenName">Twitter 화면 이름입니다.</param>
      <param name="accessToken">Twitter 액세스 토큰입니다.</param>
      <param name="accessTokenSecret">Twitter 액세스 토큰 암호입니다.</param>
    </member>
    <member name="P:Microsoft.Owin.Security.Twitter.TwitterAuthenticatedContext.AccessToken">
      <summary>Twitter 액세스 토큰을 가져옵니다.</summary>
    </member>
    <member name="P:Microsoft.Owin.Security.Twitter.TwitterAuthenticatedContext.AccessTokenSecret">
      <summary>Twitter 액세스 토큰 암호를 가져옵니다.</summary>
    </member>
    <member name="P:Microsoft.Owin.Security.Twitter.TwitterAuthenticatedContext.Identity">
      <summary>사용자를 나타내는 <see cref="T:System.Security.Claims.ClaimsIdentity" />를 가져옵니다.</summary>
    </member>
    <member name="P:Microsoft.Owin.Security.Twitter.TwitterAuthenticatedContext.Properties">
      <summary>공통 인증 속성에 대한 속성 모음을 가져오거나 설정합니다.</summary>
    </member>
    <member name="P:Microsoft.Owin.Security.Twitter.TwitterAuthenticatedContext.ScreenName">
      <summary>Twitter 화면 이름을 가져옵니다.</summary>
    </member>
    <member name="P:Microsoft.Owin.Security.Twitter.TwitterAuthenticatedContext.UserId">
      <summary>Twitter 사용자 ID를 가져옵니다.</summary>
    </member>
    <member name="T:Microsoft.Owin.Security.Twitter.TwitterAuthenticationMiddleware">
      <summary>Twitter를 사용하여 사용자를 인증하기 위한 OWIN 미들웨어입니다.</summary>
    </member>
    <member name="M:Microsoft.Owin.Security.Twitter.TwitterAuthenticationMiddleware.#ctor(Microsoft.Owin.OwinMiddleware,Owin.IAppBuilder,Microsoft.Owin.Security.Twitter.TwitterAuthenticationOptions)">
      <summary>
        <see cref="T:Microsoft.Owin.Security.Twitter.TwitterAuthenticationMiddleware" />를 초기화합니다.</summary>
      <param name="next">OWIN 파이프라인에서 호출할 다음 미들웨어입니다.</param>
      <param name="app">OWIN 응용 프로그램입니다.</param>
      <param name="options">미들웨어에 대한 구성 옵션입니다.</param>
    </member>
    <member name="M:Microsoft.Owin.Security.Twitter.TwitterAuthenticationMiddleware.CreateHandler">
      <summary>인증 관련 요청을 처리하기 위한 <see cref="T:Microsoft.Owin.Security.Infrastructure.AuthenticationHandler" /> 개체를 제공합니다.</summary>
      <returns>생성자에 제공된 <see cref="T:Microsoft.Owin.Security.Twitter.TwitterAuthenticationOptions" />로 구성된 <see cref="T:Microsoft.Owin.Security.Infrastructure.AuthenticationHandler" />입니다.</returns>
    </member>
    <member name="T:Microsoft.Owin.Security.Twitter.TwitterAuthenticationOptions">
      <summary>Twitter 인증 미들웨어에 대한 옵션입니다.</summary>
    </member>
    <member name="M:Microsoft.Owin.Security.Twitter.TwitterAuthenticationOptions.#ctor">
      <summary>
        <see cref="T:Microsoft.Owin.Security.Twitter.TwitterAuthenticationOptions" /> 클래스의 새 인스턴스를 초기화합니다.</summary>
    </member>
    <member name="P:Microsoft.Owin.Security.Twitter.TwitterAuthenticationOptions.BackchannelCertificateValidator">
      <summary>Twitter에 속하는 백채널 통신에 사용되는 끝점의 유효성을 검사하는 데 사용할 고정 인증서 유효성 검사기를 가져오거나 설정합니다.</summary>
      <returns>고정 인증서 유효성 검사기입니다.</returns>
    </member>
    <member name="P:Microsoft.Owin.Security.Twitter.TwitterAuthenticationOptions.BackchannelHttpHandler">
      <summary>Twitter와 통신하는 데 사용되는 HttpMessageHandler입니다.값을 WebRequestHandler로 다운캐스트할 수 있는 경우 외에는 동시에 BackchannelCertificateValidator로는 설정할 수 없습니다.</summary>
    </member>
    <member name="P:Microsoft.Owin.Security.Twitter.TwitterAuthenticationOptions.BackchannelTimeout">
      <summary>Twitter와의 백채널 통신에 사용할 시간 초과 값(밀리초)을 가져오거나 설정합니다.</summary>
      <returns>백채널 시간 초과입니다.</returns>
    </member>
    <member name="P:Microsoft.Owin.Security.Twitter.TwitterAuthenticationOptions.CallbackPath">
      <summary>사용자 에이전트가 반환될 응용 프로그램의 기본 경로 내의 요청 경로입니다.이 요청이 도착하면 미들웨어가 처리합니다.기본값은 "/signin-twitter"입니다.</summary>
    </member>
    <member name="P:Microsoft.Owin.Security.Twitter.TwitterAuthenticationOptions.Caption">
      <summary>사용자가 로그인 사용자 인터페이스에 표시할 수 있는 텍스트를 가져오거나 설정합니다.</summary>
    </member>
    <member name="P:Microsoft.Owin.Security.Twitter.TwitterAuthenticationOptions.ConsumerKey">
      <summary>Twitter와 통신하는 데 사용되는 소비자 키를 가져오거나 설정합니다.</summary>
      <returns>Twitter와 통신하는 데 사용되는 소비자 키입니다.</returns>
    </member>
    <member name="P:Microsoft.Owin.Security.Twitter.TwitterAuthenticationOptions.ConsumerSecret">
      <summary>Twitter에 대한 요청을 서명하는 데 사용되는 소비자 암호를 가져오거나 설정합니다.</summary>
      <returns>Twitter에 대한 요청을 서명하는 데 사용되는 소비자 암호입니다.</returns>
    </member>
    <member name="P:Microsoft.Owin.Security.Twitter.TwitterAuthenticationOptions.Provider">
      <summary>인증 이벤트를 처리하는 데 사용되는 <see cref="T:Microsoft.Owin.Security.Twitter.ITwitterAuthenticationProvider" />를 가져오거나 설정합니다.</summary>
    </member>
    <member name="P:Microsoft.Owin.Security.Twitter.TwitterAuthenticationOptions.SignInAsAuthenticationType">
      <summary>실제로 사용자 <see cref="T:System.Security.Claims.ClaimsIdentity" /> 발급을 담당하는 다른 인증 미들웨어의 이름을 가져오거나 설정합니다.</summary>
    </member>
    <member name="P:Microsoft.Owin.Security.Twitter.TwitterAuthenticationOptions.StateDataFormat">
      <summary>미들웨어가 처리하는 데이터를 보호하는 데 사용되는 유형을 가져오거나 설정합니다.</summary>
    </member>
    <member name="T:Microsoft.Owin.Security.Twitter.TwitterAuthenticationProvider">
      <summary>기본 <see cref="T:Microsoft.Owin.Security.Twitter.ITwitterAuthenticationProvider" /> 구현입니다.</summary>
    </member>
    <member name="M:Microsoft.Owin.Security.Twitter.TwitterAuthenticationProvider.#ctor">
      <summary>
        <see cref="T:Microsoft.Owin.Security.Twitter.TwitterAuthenticationProvider" />를 초기화합니다.</summary>
    </member>
    <member name="M:Microsoft.Owin.Security.Twitter.TwitterAuthenticationProvider.ApplyRedirect(Microsoft.Owin.Security.Twitter.TwitterApplyRedirectContext)">
      <summary>Challenge로 인해 리디렉션에서 Twitter 미들웨어의 끝점에 권한을 부여할 때 호출됩니다.</summary>
      <param name="context">Challenge의 리디렉션 URI 및 <see cref="T:Microsoft.Owin.Security.AuthenticationProperties" />를 포함합니다.</param>
    </member>
    <member name="M:Microsoft.Owin.Security.Twitter.TwitterAuthenticationProvider.Authenticated(Microsoft.Owin.Security.Twitter.TwitterAuthenticatedContext)">
      <summary>Twitter가 사용자를 인증할 때마다 호출됩니다.</summary>
      <returns>완료된 작업을 나타내는 <see cref="T:System.Threading.Tasks.Task" />입니다.</returns>
      <param name="context">사용자 <see cref="T:System.Security.Claims.ClaimsIdentity" /> 및 로그인 세션에 대한 정보를 포함합니다.</param>
    </member>
    <member name="P:Microsoft.Owin.Security.Twitter.TwitterAuthenticationProvider.OnApplyRedirect">
      <summary>ApplyRedirect 메서드가 호출될 때 호출되는 대리자를 가져오거나 설정합니다.</summary>
    </member>
    <member name="P:Microsoft.Owin.Security.Twitter.TwitterAuthenticationProvider.OnAuthenticated">
      <summary>Authenticated 메서드가 호출될 때 호출되는 함수를 가져오거나 설정합니다.</summary>
    </member>
    <member name="P:Microsoft.Owin.Security.Twitter.TwitterAuthenticationProvider.OnReturnEndpoint">
      <summary>ReturnEndpoint 메서드가 호출될 때 호출되는 함수를 가져오거나 설정합니다.</summary>
    </member>
    <member name="M:Microsoft.Owin.Security.Twitter.TwitterAuthenticationProvider.ReturnEndpoint(Microsoft.Owin.Security.Twitter.TwitterReturnEndpointContext)">
      <summary>
        <see cref="T:System.Security.Claims.ClaimsIdentity" />가 로컬 쿠키에 저장되고 브라우저가 원래 요청된 URL로 리디렉션되기 전에 호출됩니다.</summary>
      <returns>완료된 작업을 나타내는 <see cref="T:System.Threading.Tasks.Task" />입니다.</returns>
    </member>
    <member name="T:Microsoft.Owin.Security.Twitter.TwitterReturnEndpointContext">
      <summary>미들웨어 공급자에 컨텍스트 정보를 제공합니다.</summary>
    </member>
    <member name="M:Microsoft.Owin.Security.Twitter.TwitterReturnEndpointContext.#ctor(Microsoft.Owin.IOwinContext,Microsoft.Owin.Security.AuthenticationTicket)">
      <summary>새 <see cref="T:Microsoft.Owin.Security.Twitter.TwitterReturnEndpointContext" />를 초기화합니다.</summary>
      <param name="context">OWIN 환경입니다.</param>
      <param name="ticket">인증 티켓입니다.</param>
    </member>
    <member name="T:Microsoft.Owin.Security.Twitter.Messages.AccessToken">
      <summary>Twitter 액세스 토큰입니다.</summary>
    </member>
    <member name="M:Microsoft.Owin.Security.Twitter.Messages.AccessToken.#ctor"></member>
    <member name="P:Microsoft.Owin.Security.Twitter.Messages.AccessToken.ScreenName">
      <summary>Twitter 화면 이름을 가져오거나 설정합니다.</summary>
    </member>
    <member name="P:Microsoft.Owin.Security.Twitter.Messages.AccessToken.UserId">
      <summary>Twitter 사용자 ID를 가져오거나 설정합니다.</summary>
    </member>
    <member name="T:Microsoft.Owin.Security.Twitter.Messages.RequestToken">
      <summary>Twitter 요청 토큰입니다.</summary>
    </member>
    <member name="M:Microsoft.Owin.Security.Twitter.Messages.RequestToken.#ctor"></member>
    <member name="P:Microsoft.Owin.Security.Twitter.Messages.RequestToken.CallbackConfirmed"></member>
    <member name="P:Microsoft.Owin.Security.Twitter.Messages.RequestToken.Properties">
      <summary>공통 인증 속성에 대한 속성 모음을 가져오거나 설정합니다.</summary>
    </member>
    <member name="P:Microsoft.Owin.Security.Twitter.Messages.RequestToken.Token">
      <summary>Twitter 토큰을 가져오거나 설정합니다.</summary>
    </member>
    <member name="P:Microsoft.Owin.Security.Twitter.Messages.RequestToken.TokenSecret">
      <summary>Twitter 토큰 암호를 가져오거나 설정합니다.</summary>
    </member>
    <member name="T:Microsoft.Owin.Security.Twitter.Messages.RequestTokenSerializer">
      <summary>다른 응용 프로그램 구성 요소에서 Twitter 요청 및 액세스 토큰을 사용할 수 있도록 Twitter 요청 및 액세스 토큰을 직렬화 및 역직렬화합니다.</summary>
    </member>
    <member name="M:Microsoft.Owin.Security.Twitter.Messages.RequestTokenSerializer.#ctor"></member>
    <member name="M:Microsoft.Owin.Security.Twitter.Messages.RequestTokenSerializer.Deserialize(System.Byte[])">
      <summary>요청 토큰을 역직렬화합니다.</summary>
      <returns>Twitter 요청 토큰입니다.</returns>
      <param name="data">직렬화된 토큰이 포함된 바이트 배열입니다.</param>
    </member>
    <member name="M:Microsoft.Owin.Security.Twitter.Messages.RequestTokenSerializer.Read(System.IO.BinaryReader)">
      <summary>일련의 바이트에서 Twitter 요청 토큰을 읽습니다.<see cref="M:Microsoft.Owin.Security.Twitter.Messages.RequestTokenSerializer.Deserialize(System.Byte[])" /> 메서드에서 사용됩니다.</summary>
      <returns>토큰입니다.</returns>
      <param name="reader">토큰 바이트를 읽을 때 사용할 판독기입니다.</param>
    </member>
    <member name="M:Microsoft.Owin.Security.Twitter.Messages.RequestTokenSerializer.Serialize(Microsoft.Owin.Security.Twitter.Messages.RequestToken)">
      <summary>요청 토큰을 직렬화합니다.</summary>
      <returns>직렬화된 토큰이 포함된 바이트 배열입니다.</returns>
      <param name="model">직렬화할 토큰입니다.</param>
    </member>
    <member name="M:Microsoft.Owin.Security.Twitter.Messages.RequestTokenSerializer.Write(System.IO.BinaryWriter,Microsoft.Owin.Security.Twitter.Messages.RequestToken)">
      <summary>Twitter 요청 토큰을 일련의 바이트로 씁니다.<see cref="M:Microsoft.Owin.Security.Twitter.Messages.RequestTokenSerializer.Serialize(Microsoft.Owin.Security.Twitter.Messages.RequestToken)" /> 메서드에서 사용됩니다.</summary>
      <param name="writer">토큰을 쓸 때 사용할 기록기입니다.</param>
      <param name="token">쓸 토큰입니다.</param>
    </member>
    <member name="T:Microsoft.Owin.Security.Twitter.Messages.Serializers">
      <summary>요청 토큰 직렬 변환기에 액세스할 수 있습니다.</summary>
    </member>
    <member name="P:Microsoft.Owin.Security.Twitter.Messages.Serializers.RequestToken">
      <summary>고정적으로 사용 가능한 직렬 변환기 개체를 가져오거나 설정합니다.기본적으로 이 속성의 값은 <see cref="T:Microsoft.Owin.Security.Twitter.Messages.RequestTokenSerializer" />입니다.</summary>
    </member>
    <member name="T:Owin.TwitterAuthenticationExtensions">
      <summary>
        <see cref="T:Microsoft.Owin.Security.Twitter.TwitterAuthenticationMiddleware" />를 사용하기 위한 확장 메서드입니다.</summary>
    </member>
    <member name="M:Owin.TwitterAuthenticationExtensions.UseTwitterAuthentication(Owin.IAppBuilder,Microsoft.Owin.Security.Twitter.TwitterAuthenticationOptions)">
      <summary>Twitter를 사용하여 사용자를 인증합니다.</summary>
      <returns>업데이트된 <see cref="T:Owin.IAppBuilder" />입니다.</returns>
      <param name="app">구성 메서드로 전달되는 <see cref="T:Owin.IAppBuilder" />입니다.</param>
      <param name="options">미들웨어 구성 옵션입니다.</param>
    </member>
    <member name="M:Owin.TwitterAuthenticationExtensions.UseTwitterAuthentication(Owin.IAppBuilder,System.String,System.String)">
      <summary>Twitter를 사용하여 사용자를 인증합니다.</summary>
      <returns>업데이트된 <see cref="T:Owin.IAppBuilder" />입니다.</returns>
      <param name="app">구성 메서드로 전달되는 <see cref="T:Owin.IAppBuilder" />입니다.</param>
      <param name="consumerKey">Twitter에서 발급한 소비자 키입니다.</param>
      <param name="consumerSecret">Twitter에서 발급한 소비자 암호입니다.</param>
    </member>
  </members>
</doc>