﻿<?xml version="1.0" encoding="utf-8"?>
<doc>
  <assembly>
    <name>Microsoft.Owin.Security.Google</name>
  </assembly>
  <members>
    <member name="T:Microsoft.Owin.Security.Google.GoogleApplyRedirectContext">
      <summary>Challenge로 인해 리디렉션에서 Google OpenID 미들웨어의 끝점에 권한을 부여할 때 전달되는 컨텍스트입니다.</summary>
    </member>
    <member name="M:Microsoft.Owin.Security.Google.GoogleApplyRedirectContext.#ctor(Microsoft.Owin.IOwinContext,Microsoft.Owin.Security.Google.GoogleAuthenticationOptions,Microsoft.Owin.Security.AuthenticationProperties,System.String)">
      <summary>새 컨텍스트 개체를 만듭니다.</summary>
      <param name="context">OWIN 요청 컨텍스트입니다.</param>
      <param name="options">Google OpenID 미들웨어 옵션입니다.</param>
      <param name="properties">Challenge의 인증 속성입니다.</param>
      <param name="redirectUri">초기 리디렉션 URI입니다.</param>
    </member>
    <member name="P:Microsoft.Owin.Security.Google.GoogleApplyRedirectContext.Properties">
      <summary>Challenge의 인증 속성을 가져옵니다.</summary>
    </member>
    <member name="P:Microsoft.Owin.Security.Google.GoogleApplyRedirectContext.RedirectUri">
      <summary>리디렉션 작업에 사용되는 URI를 가져옵니다.</summary>
    </member>
    <member name="T:Microsoft.Owin.Security.Google.GoogleAuthenticatedContext">
      <summary>사용자 <see cref="T:System.Security.Claims.ClaimsIdentity" /> 및 로그인 세션에 대한 정보를 포함합니다.</summary>
    </member>
    <member name="M:Microsoft.Owin.Security.Google.GoogleAuthenticatedContext.#ctor(Microsoft.Owin.IOwinContext,System.Security.Claims.ClaimsIdentity,Microsoft.Owin.Security.AuthenticationProperties,System.Xml.Linq.XElement,System.Collections.Generic.IDictionary{System.String,System.String})">
      <summary>
        <see cref="T:Microsoft.Owin.Security.Google.GoogleAuthenticatedContext" />를 초기화합니다.</summary>
      <param name="context">OWIN 환경입니다.</param>
      <param name="identity">사용자를 나타내는 <see cref="T:System.Security.Claims.ClaimsIdentity" />입니다.</param>
      <param name="properties">공통 인증 속성에 대한 속성 모음입니다.</param>
    </member>
    <member name="P:Microsoft.Owin.Security.Google.GoogleAuthenticatedContext.AttributeExchangeProperties">
      <summary>메시지 속성의 키-값 사전을 가져옵니다.</summary>
    </member>
    <member name="P:Microsoft.Owin.Security.Google.GoogleAuthenticatedContext.Identity">
      <summary>사용자를 나타내는 <see cref="T:System.Security.Claims.ClaimsIdentity" />를 가져오거나 설정합니다.</summary>
    </member>
    <member name="P:Microsoft.Owin.Security.Google.GoogleAuthenticatedContext.Properties">
      <summary>공통 인증 속성에 대한 속성 모음을 가져오거나 설정합니다.</summary>
    </member>
    <member name="P:Microsoft.Owin.Security.Google.GoogleAuthenticatedContext.ResponseMessage">
      <summary>openid 쿼리 문자열의 구문 분석된 응답 메시지를 가져오거나 설정합니다.</summary>
    </member>
    <member name="T:Microsoft.Owin.Security.Google.GoogleAuthenticationMiddleware">
      <summary>Google OpenID를 사용하여 사용자를 인증하기 위한 OWIN 미들웨어입니다.</summary>
    </member>
    <member name="M:Microsoft.Owin.Security.Google.GoogleAuthenticationMiddleware.#ctor(Microsoft.Owin.OwinMiddleware,Owin.IAppBuilder,Microsoft.Owin.Security.Google.GoogleAuthenticationOptions)">
      <summary>
        <see cref="T:Microsoft.Owin.Security.Google.GoogleAuthenticationMiddleware" />를 초기화합니다.</summary>
      <param name="next">OWIN 파이프라인에서 호출할 다음 미들웨어입니다.</param>
      <param name="app">OWIN 응용 프로그램입니다.</param>
      <param name="options">미들웨어에 대한 구성 옵션입니다.</param>
    </member>
    <member name="M:Microsoft.Owin.Security.Google.GoogleAuthenticationMiddleware.CreateHandler">
      <summary>인증 관련 요청을 처리하기 위한 <see cref="T:Microsoft.Owin.Security.Infrastructure.AuthenticationHandler" /> 개체를 제공합니다.</summary>
      <returns>생성자에 제공된 <see cref="T:Microsoft.Owin.Security.Google.GoogleAuthenticationOptions" />로 구성된 <see cref="T:Microsoft.Owin.Security.Infrastructure.AuthenticationHandler" />입니다.</returns>
    </member>
    <member name="T:Microsoft.Owin.Security.Google.GoogleAuthenticationOptions">
      <summary>
        <see cref="T:Microsoft.Owin.Security.Google.GoogleAuthenticationMiddleware" />에 대한 구성 옵션입니다.</summary>
    </member>
    <member name="M:Microsoft.Owin.Security.Google.GoogleAuthenticationOptions.#ctor">
      <summary>새 <see cref="T:Microsoft.Owin.Security.Google.GoogleAuthenticationOptions" />를 초기화합니다.</summary>
    </member>
    <member name="P:Microsoft.Owin.Security.Google.GoogleAuthenticationOptions.BackchannelCertificateValidator">
      <summary>Google에 속한 백채널 통신에 사용되는 끝점의 유효성을 검사하는 데 사용할 고정 인증서 유효성 검사기를 가져오거나 설정합니다.</summary>
      <returns>고정 인증서 유효성 검사기입니다.</returns>
    </member>
    <member name="P:Microsoft.Owin.Security.Google.GoogleAuthenticationOptions.BackchannelHttpHandler">
      <summary>Google과 통신하는 데 사용되는 HttpMessageHandler입니다.값을 WebRequestHandler로 다운캐스트할 수 있는 경우 외에는 동시에 BackchannelCertificateValidator로는 설정할 수 없습니다.</summary>
    </member>
    <member name="P:Microsoft.Owin.Security.Google.GoogleAuthenticationOptions.BackchannelTimeout">
      <summary>Google과의 백채널 통신에 사용되는 시간 제한 값(밀리초)을 가져오거나 설정합니다.</summary>
      <returns>백채널 시간 초과입니다.</returns>
    </member>
    <member name="P:Microsoft.Owin.Security.Google.GoogleAuthenticationOptions.CallbackPath">
      <summary>사용자 에이전트가 반환될 응용 프로그램의 기본 경로 내의 요청 경로입니다.이 요청이 도착하면 미들웨어가 처리합니다.기본값은 "/signin-google"입니다.</summary>
    </member>
    <member name="P:Microsoft.Owin.Security.Google.GoogleAuthenticationOptions.Caption">
      <summary>사용자가 로그인 사용자 인터페이스에 표시할 수 있는 텍스트를 가져오거나 설정합니다.</summary>
    </member>
    <member name="P:Microsoft.Owin.Security.Google.GoogleAuthenticationOptions.Provider">
      <summary>인증 이벤트를 처리하는 데 사용되는 <see cref="T:Microsoft.Owin.Security.Google.IGoogleAuthenticationProvider" />를 가져오거나 설정합니다.</summary>
    </member>
    <member name="P:Microsoft.Owin.Security.Google.GoogleAuthenticationOptions.SignInAsAuthenticationType">
      <summary>실제로 사용자 <see cref="T:System.Security.Claims.ClaimsIdentity" /> 발급을 담당하는 다른 인증 미들웨어의 이름을 가져오거나 설정합니다.</summary>
    </member>
    <member name="P:Microsoft.Owin.Security.Google.GoogleAuthenticationOptions.StateDataFormat">
      <summary>미들웨어가 처리하는 데이터를 보호하는 데 사용되는 유형을 가져오거나 설정합니다.</summary>
    </member>
    <member name="T:Microsoft.Owin.Security.Google.GoogleAuthenticationProvider">
      <summary>기본 <see cref="T:Microsoft.Owin.Security.Google.IGoogleAuthenticationProvider" /> 구현입니다.</summary>
    </member>
    <member name="M:Microsoft.Owin.Security.Google.GoogleAuthenticationProvider.#ctor">
      <summary>
        <see cref="T:Microsoft.Owin.Security.Google.GoogleAuthenticationProvider" />를 초기화합니다.</summary>
    </member>
    <member name="M:Microsoft.Owin.Security.Google.GoogleAuthenticationProvider.ApplyRedirect(Microsoft.Owin.Security.Google.GoogleApplyRedirectContext)">
      <summary>Challenge로 인해 리디렉션에서 Google OpenID 미들웨어의 끝점에 권한을 부여할 때 호출됩니다.</summary>
      <param name="context">Challenge의 리디렉션 URI 및 <see cref="T:Microsoft.Owin.Security.AuthenticationProperties" />를 포함합니다.</param>
    </member>
    <member name="M:Microsoft.Owin.Security.Google.GoogleAuthenticationProvider.Authenticated(Microsoft.Owin.Security.Google.GoogleAuthenticatedContext)">
      <summary>Google이 사용자를 인증할 때마다 호출됩니다.</summary>
      <returns>완료된 작업을 나타내는 <see cref="T:System.Threading.Tasks.Task" />입니다.</returns>
      <param name="context">사용자 <see cref="T:System.Security.Claims.ClaimsIdentity" /> 및 로그인 세션에 대한 정보를 포함합니다.</param>
    </member>
    <member name="P:Microsoft.Owin.Security.Google.GoogleAuthenticationProvider.OnApplyRedirect">
      <summary>ApplyRedirect 메서드가 호출될 때 호출되는 대리자를 가져오거나 설정합니다.</summary>
    </member>
    <member name="P:Microsoft.Owin.Security.Google.GoogleAuthenticationProvider.OnAuthenticated">
      <summary>Authenticated 메서드가 호출될 때 호출되는 함수를 가져오거나 설정합니다.</summary>
    </member>
    <member name="P:Microsoft.Owin.Security.Google.GoogleAuthenticationProvider.OnReturnEndpoint">
      <summary>ReturnEndpoint 메서드가 호출될 때 호출되는 함수를 가져오거나 설정합니다.</summary>
    </member>
    <member name="M:Microsoft.Owin.Security.Google.GoogleAuthenticationProvider.ReturnEndpoint(Microsoft.Owin.Security.Google.GoogleReturnEndpointContext)">
      <summary>
        <see cref="T:System.Security.Claims.ClaimsIdentity" />가 로컬 쿠키에 저장되고 브라우저가 원래 요청된 URL로 리디렉션되기 전에 호출됩니다.</summary>
      <returns>완료된 작업을 나타내는 <see cref="T:System.Threading.Tasks.Task" />입니다.</returns>
      <param name="context">사용자 <see cref="T:System.Security.Claims.ClaimsIdentity" /> 및 로그인 세션에 대한 정보를 포함합니다.</param>
    </member>
    <member name="T:Microsoft.Owin.Security.Google.GoogleOAuth2ApplyRedirectContext">
      <summary>Challenge로 인해 리디렉션에서 Google OAuth 2.0 미들웨어의 끝점에 권한을 부여할 때 전달되는 컨텍스트입니다.</summary>
    </member>
    <member name="M:Microsoft.Owin.Security.Google.GoogleOAuth2ApplyRedirectContext.#ctor(Microsoft.Owin.IOwinContext,Microsoft.Owin.Security.Google.GoogleOAuth2AuthenticationOptions,Microsoft.Owin.Security.AuthenticationProperties,System.String)">
      <summary>새 컨텍스트 개체를 만듭니다.</summary>
      <param name="context">OWIN 요청 컨텍스트입니다.</param>
      <param name="options">Google OAuth 2.0 미들웨어 옵션입니다.</param>
      <param name="properties">Challenge의 인증 속성입니다.</param>
      <param name="redirectUri">초기 리디렉션 URI입니다.</param>
    </member>
    <member name="P:Microsoft.Owin.Security.Google.GoogleOAuth2ApplyRedirectContext.Properties">
      <summary>Challenge의 인증 속성을 가져옵니다.</summary>
    </member>
    <member name="P:Microsoft.Owin.Security.Google.GoogleOAuth2ApplyRedirectContext.RedirectUri">
      <summary>리디렉션 작업에 사용되는 URI를 가져옵니다.</summary>
    </member>
    <member name="T:Microsoft.Owin.Security.Google.GoogleOAuth2AuthenticatedContext">
      <summary>사용자 <see cref="T:System.Security.Claims.ClaimsIdentity" /> 및 로그인 세션에 대한 정보를 포함합니다.</summary>
    </member>
    <member name="M:Microsoft.Owin.Security.Google.GoogleOAuth2AuthenticatedContext.#ctor(Microsoft.Owin.IOwinContext,Newtonsoft.Json.Linq.JObject,System.String,System.String,System.String)">
      <summary>
        <see cref="T:Microsoft.Owin.Security.Google.GoogleOAuth2AuthenticatedContext" />를 초기화합니다.</summary>
      <param name="context">OWIN 환경입니다.</param>
      <param name="user">JSON 직렬화된 Google 사용자 정보입니다.</param>
      <param name="accessToken">Google OAuth 2.0 액세스 토큰입니다.</param>
      <param name="refreshToken">Google OAuth 2.0 새로 고침 토큰입니다.</param>
      <param name="expires">만료될 때까지의 시간(초)입니다.</param>
    </member>
    <member name="P:Microsoft.Owin.Security.Google.GoogleOAuth2AuthenticatedContext.AccessToken">
      <summary>Google 액세스 토큰을 가져옵니다.</summary>
    </member>
    <member name="P:Microsoft.Owin.Security.Google.GoogleOAuth2AuthenticatedContext.Email">
      <summary>사용자의 전자 메일을 가져옵니다.</summary>
    </member>
    <member name="P:Microsoft.Owin.Security.Google.GoogleOAuth2AuthenticatedContext.ExpiresIn">
      <summary>Google 액세스 토큰 만료 시간을 가져옵니다.</summary>
    </member>
    <member name="P:Microsoft.Owin.Security.Google.GoogleOAuth2AuthenticatedContext.FamilyName">
      <summary>사용자의 성을 가져옵니다.</summary>
    </member>
    <member name="P:Microsoft.Owin.Security.Google.GoogleOAuth2AuthenticatedContext.GivenName">
      <summary>사용자의 지정된 이름을 가져옵니다.</summary>
    </member>
    <member name="P:Microsoft.Owin.Security.Google.GoogleOAuth2AuthenticatedContext.Id">
      <summary>Google 사용자 ID를 가져옵니다.</summary>
    </member>
    <member name="P:Microsoft.Owin.Security.Google.GoogleOAuth2AuthenticatedContext.Identity">
      <summary>사용자를 나타내는 <see cref="T:System.Security.Claims.ClaimsIdentity" />를 가져옵니다.</summary>
    </member>
    <member name="P:Microsoft.Owin.Security.Google.GoogleOAuth2AuthenticatedContext.Name">
      <summary>사용자의 이름을 가져옵니다.</summary>
    </member>
    <member name="P:Microsoft.Owin.Security.Google.GoogleOAuth2AuthenticatedContext.Profile">
      <summary>사용자의 프로필 링크를 가져옵니다.</summary>
    </member>
    <member name="P:Microsoft.Owin.Security.Google.GoogleOAuth2AuthenticatedContext.Properties">
      <summary>공통 인증 속성에 대한 속성 모음을 가져오거나 설정합니다.</summary>
    </member>
    <member name="P:Microsoft.Owin.Security.Google.GoogleOAuth2AuthenticatedContext.RefreshToken">
      <summary>Google 새로 고침 토큰을 가져옵니다.</summary>
    </member>
    <member name="P:Microsoft.Owin.Security.Google.GoogleOAuth2AuthenticatedContext.User">
      <summary>JSON 직렬화된 사용자를 가져옵니다.</summary>
    </member>
    <member name="T:Microsoft.Owin.Security.Google.GoogleOAuth2AuthenticationMiddleware">
      <summary>Google OAuth 2.0을 사용하여 사용자를 인증하기 위한 OWIN 미들웨어입니다.</summary>
    </member>
    <member name="M:Microsoft.Owin.Security.Google.GoogleOAuth2AuthenticationMiddleware.#ctor(Microsoft.Owin.OwinMiddleware,Owin.IAppBuilder,Microsoft.Owin.Security.Google.GoogleOAuth2AuthenticationOptions)">
      <summary>
        <see cref="T:Microsoft.Owin.Security.Google.GoogleOAuth2AuthenticationMiddleware" />를 초기화합니다.</summary>
      <param name="next">OWIN 파이프라인에서 호출할 다음 미들웨어입니다.</param>
      <param name="app">OWIN 응용 프로그램입니다.</param>
      <param name="options">미들웨어에 대한 구성 옵션입니다.</param>
    </member>
    <member name="M:Microsoft.Owin.Security.Google.GoogleOAuth2AuthenticationMiddleware.CreateHandler">
      <summary>인증 관련 요청을 처리하기 위한 <see cref="T:Microsoft.Owin.Security.Infrastructure.AuthenticationHandler" /> 개체를 제공합니다.</summary>
      <returns>생성자에 제공된 <see cref="T:Microsoft.Owin.Security.Google.GoogleOAuth2AuthenticationOptions" />로 구성된 <see cref="T:Microsoft.Owin.Security.Infrastructure.AuthenticationHandler" />입니다.</returns>
    </member>
    <member name="T:Microsoft.Owin.Security.Google.GoogleOAuth2AuthenticationOptions">
      <summary>
        <see cref="T:Microsoft.Owin.Security.Google.GoogleOAuth2AuthenticationMiddleware" />에 대한 구성 옵션입니다.</summary>
    </member>
    <member name="M:Microsoft.Owin.Security.Google.GoogleOAuth2AuthenticationOptions.#ctor">
      <summary>새 <see cref="T:Microsoft.Owin.Security.Google.GoogleOAuth2AuthenticationOptions" />를 초기화합니다.</summary>
    </member>
    <member name="P:Microsoft.Owin.Security.Google.GoogleOAuth2AuthenticationOptions.AccessType">
      <summary>access_type입니다.새로 고침 토큰을 요청하려면 'offline'으로 설정합니다.</summary>
    </member>
    <member name="P:Microsoft.Owin.Security.Google.GoogleOAuth2AuthenticationOptions.BackchannelCertificateValidator">
      <summary>Google에 속한 백채널 통신에 사용되는 끝점의 유효성을 검사하는 데 사용할 고정 인증서 유효성 검사기를 가져오거나 설정합니다.</summary>
      <returns>고정 인증서 유효성 검사기입니다.</returns>
    </member>
    <member name="P:Microsoft.Owin.Security.Google.GoogleOAuth2AuthenticationOptions.BackchannelHttpHandler">
      <summary>Google과 통신하는 데 사용되는 HttpMessageHandler입니다.값을 WebRequestHandler로 다운캐스트할 수 있는 경우 외에는 동시에 BackchannelCertificateValidator로는 설정할 수 없습니다.</summary>
    </member>
    <member name="P:Microsoft.Owin.Security.Google.GoogleOAuth2AuthenticationOptions.BackchannelTimeout">
      <summary>Google과의 백채널 통신에 사용되는 시간 제한 값(밀리초)을 가져오거나 설정합니다.</summary>
      <returns>백채널 시간 제한(밀리초)입니다.</returns>
    </member>
    <member name="P:Microsoft.Owin.Security.Google.GoogleOAuth2AuthenticationOptions.CallbackPath">
      <summary>사용자 에이전트가 반환될 응용 프로그램의 기본 경로 내의 요청 경로입니다.이 요청이 도착하면 미들웨어가 처리합니다.기본값은 "/signin-google"입니다.</summary>
    </member>
    <member name="P:Microsoft.Owin.Security.Google.GoogleOAuth2AuthenticationOptions.Caption">
      <summary>사용자가 로그인 사용자 인터페이스에 표시할 수 있는 텍스트를 가져오거나 설정합니다.</summary>
    </member>
    <member name="P:Microsoft.Owin.Security.Google.GoogleOAuth2AuthenticationOptions.ClientId">
      <summary>Google 할당 클라이언트 ID를 가져오거나 설정합니다.</summary>
    </member>
    <member name="P:Microsoft.Owin.Security.Google.GoogleOAuth2AuthenticationOptions.ClientSecret">
      <summary>Google 할당 클라이언트 암호를 가져오거나 설정합니다.</summary>
    </member>
    <member name="P:Microsoft.Owin.Security.Google.GoogleOAuth2AuthenticationOptions.Provider">
      <summary>인증 이벤트를 처리하는 데 사용되는 <see cref="T:Microsoft.Owin.Security.Google.IGoogleOAuth2AuthenticationProvider" />를 가져오거나 설정합니다.</summary>
    </member>
    <member name="P:Microsoft.Owin.Security.Google.GoogleOAuth2AuthenticationOptions.Scope">
      <summary>요청할 권한 목록입니다.</summary>
    </member>
    <member name="P:Microsoft.Owin.Security.Google.GoogleOAuth2AuthenticationOptions.SignInAsAuthenticationType">
      <summary>실제로 사용자 <see cref="T:System.Security.Claims.ClaimsIdentity" /> 발급을 담당하는 다른 인증 미들웨어의 이름을 가져오거나 설정합니다.</summary>
    </member>
    <member name="P:Microsoft.Owin.Security.Google.GoogleOAuth2AuthenticationOptions.StateDataFormat">
      <summary>미들웨어가 처리하는 데이터를 보호하는 데 사용되는 유형을 가져오거나 설정합니다.</summary>
    </member>
    <member name="T:Microsoft.Owin.Security.Google.GoogleOAuth2AuthenticationProvider">
      <summary>기본 <see cref="T:Microsoft.Owin.Security.Google.IGoogleOAuth2AuthenticationProvider" /> 구현입니다.</summary>
    </member>
    <member name="M:Microsoft.Owin.Security.Google.GoogleOAuth2AuthenticationProvider.#ctor">
      <summary>
        <see cref="T:Microsoft.Owin.Security.Google.GoogleOAuth2AuthenticationProvider" />를 초기화합니다.</summary>
    </member>
    <member name="M:Microsoft.Owin.Security.Google.GoogleOAuth2AuthenticationProvider.ApplyRedirect(Microsoft.Owin.Security.Google.GoogleOAuth2ApplyRedirectContext)">
      <summary>Challenge로 인해 리디렉션에서 Google OAuth 2.0 미들웨어의 끝점에 권한을 부여할 때 호출됩니다.</summary>
      <param name="context">Challenge의 리디렉션 URI 및 <see cref="T:Microsoft.Owin.Security.AuthenticationProperties" />를 포함합니다.</param>
    </member>
    <member name="M:Microsoft.Owin.Security.Google.GoogleOAuth2AuthenticationProvider.Authenticated(Microsoft.Owin.Security.Google.GoogleOAuth2AuthenticatedContext)">
      <summary>Google이 사용자를 인증할 때마다 호출됩니다.</summary>
      <returns>완료된 작업을 나타내는 <see cref="T:System.Threading.Tasks.Task" />입니다.</returns>
      <param name="context">사용자 <see cref="T:System.Security.Claims.ClaimsIdentity" /> 및 로그인 세션에 대한 정보를 포함합니다.</param>
    </member>
    <member name="P:Microsoft.Owin.Security.Google.GoogleOAuth2AuthenticationProvider.OnApplyRedirect">
      <summary>ApplyRedirect 메서드가 호출될 때 호출되는 대리자를 가져오거나 설정합니다.</summary>
    </member>
    <member name="P:Microsoft.Owin.Security.Google.GoogleOAuth2AuthenticationProvider.OnAuthenticated">
      <summary>Authenticated 메서드가 호출될 때 호출되는 함수를 가져오거나 설정합니다.</summary>
    </member>
    <member name="P:Microsoft.Owin.Security.Google.GoogleOAuth2AuthenticationProvider.OnReturnEndpoint">
      <summary>ReturnEndpoint 메서드가 호출될 때 호출되는 함수를 가져오거나 설정합니다.</summary>
    </member>
    <member name="M:Microsoft.Owin.Security.Google.GoogleOAuth2AuthenticationProvider.ReturnEndpoint(Microsoft.Owin.Security.Google.GoogleOAuth2ReturnEndpointContext)">
      <summary>
        <see cref="T:System.Security.Claims.ClaimsIdentity" />가 로컬 쿠키에 저장되고 브라우저가 원래 요청된 URL로 리디렉션되기 전에 호출됩니다.</summary>
      <returns>완료된 작업을 나타내는 <see cref="T:System.Threading.Tasks.Task" />입니다.</returns>
      <param name="context">반환 끝점의 인증 티켓 및 컨텍스트 정보를 포함합니다.</param>
    </member>
    <member name="T:Microsoft.Owin.Security.Google.GoogleOAuth2ReturnEndpointContext">
      <summary>미들웨어 공급자에 컨텍스트 정보를 제공합니다.</summary>
    </member>
    <member name="M:Microsoft.Owin.Security.Google.GoogleOAuth2ReturnEndpointContext.#ctor(Microsoft.Owin.IOwinContext,Microsoft.Owin.Security.AuthenticationTicket)">
      <summary>
        <see cref="T:Microsoft.Owin.Security.Google.GoogleOAuth2ReturnEndpointContext" />를 초기화합니다.</summary>
      <param name="context">OWIN 환경입니다.</param>
      <param name="ticket">인증 티켓입니다.</param>
    </member>
    <member name="T:Microsoft.Owin.Security.Google.GoogleReturnEndpointContext">
      <summary>미들웨어 공급자에 컨텍스트 정보를 제공합니다.</summary>
    </member>
    <member name="M:Microsoft.Owin.Security.Google.GoogleReturnEndpointContext.#ctor(Microsoft.Owin.IOwinContext,Microsoft.Owin.Security.AuthenticationTicket)">
      <param name="context">OWIN 환경입니다.</param>
      <param name="ticket">인증 티켓입니다.</param>
    </member>
    <member name="T:Microsoft.Owin.Security.Google.IGoogleAuthenticationProvider">
      <summary>
        <see cref="T:Microsoft.Owin.Security.Google.GoogleAuthenticationMiddleware" />가 개발자가 인증 프로세스를 제어할 수 있도록 하기 위해 호출하는 콜백 메서드를 지정합니다./&amp;amp;gt;</summary>
    </member>
    <member name="M:Microsoft.Owin.Security.Google.IGoogleAuthenticationProvider.ApplyRedirect(Microsoft.Owin.Security.Google.GoogleApplyRedirectContext)">
      <summary>Challenge로 인해 리디렉션에서 Google OpenID 미들웨어의 끝점에 권한을 부여할 때 호출됩니다.</summary>
      <param name="context">Challenge의 리디렉션 URI 및 <see cref="T:Microsoft.Owin.Security.AuthenticationProperties" />를 포함합니다.</param>
    </member>
    <member name="M:Microsoft.Owin.Security.Google.IGoogleAuthenticationProvider.Authenticated(Microsoft.Owin.Security.Google.GoogleAuthenticatedContext)">
      <summary>Google이 사용자를 인증할 때마다 호출됩니다.</summary>
      <returns>완료된 작업을 나타내는 <see cref="T:System.Threading.Tasks.Task" />입니다.</returns>
      <param name="context">사용자 <see cref="T:System.Security.Claims.ClaimsIdentity" /> 및 로그인 세션에 대한 정보를 포함합니다.</param>
    </member>
    <member name="M:Microsoft.Owin.Security.Google.IGoogleAuthenticationProvider.ReturnEndpoint(Microsoft.Owin.Security.Google.GoogleReturnEndpointContext)">
      <summary>
        <see cref="T:System.Security.Claims.ClaimsIdentity" />가 로컬 쿠키에 저장되고 브라우저가 원래 요청된 URL로 리디렉션되기 전에 호출됩니다.</summary>
      <returns>완료된 작업을 나타내는 <see cref="T:System.Threading.Tasks.Task" />입니다.</returns>
      <param name="context">사용자 <see cref="T:System.Security.Claims.ClaimsIdentity" /> 및 로그인 세션에 대한 정보를 포함합니다.</param>
    </member>
    <member name="T:Microsoft.Owin.Security.Google.IGoogleOAuth2AuthenticationProvider">
      <summary>
        <see cref="T:Microsoft.Owin.Security.Google.GoogleOAuth2AuthenticationMiddleware" />가 개발자가 인증 프로세스를 제어할 수 있도록 하기 위해 호출하는 콜백 메서드를 지정합니다./&amp;amp;gt;</summary>
    </member>
    <member name="M:Microsoft.Owin.Security.Google.IGoogleOAuth2AuthenticationProvider.ApplyRedirect(Microsoft.Owin.Security.Google.GoogleOAuth2ApplyRedirectContext)">
      <summary>Challenge로 인해 리디렉션에서 Google OAuth 2.0 미들웨어의 끝점에 권한을 부여할 때 호출됩니다.</summary>
      <param name="context">Challenge의 리디렉션 URI 및 <see cref="T:Microsoft.Owin.Security.AuthenticationProperties" />를 포함합니다.</param>
    </member>
    <member name="M:Microsoft.Owin.Security.Google.IGoogleOAuth2AuthenticationProvider.Authenticated(Microsoft.Owin.Security.Google.GoogleOAuth2AuthenticatedContext)">
      <summary>Google이 사용자를 인증할 때마다 호출됩니다.</summary>
      <returns>완료된 작업을 나타내는 <see cref="T:System.Threading.Tasks.Task" />입니다.</returns>
      <param name="context">사용자 <see cref="T:System.Security.Claims.ClaimsIdentity" /> 및 로그인 세션에 대한 정보를 포함합니다.</param>
    </member>
    <member name="M:Microsoft.Owin.Security.Google.IGoogleOAuth2AuthenticationProvider.ReturnEndpoint(Microsoft.Owin.Security.Google.GoogleOAuth2ReturnEndpointContext)">
      <summary>
        <see cref="T:System.Security.Claims.ClaimsIdentity" />가 로컬 쿠키에 저장되고 브라우저가 원래 요청된 URL로 리디렉션되기 전에 호출됩니다.</summary>
      <returns>완료된 작업을 나타내는 <see cref="T:System.Threading.Tasks.Task" />입니다.</returns>
      <param name="context">반환 끝점의 인증 티켓 및 컨텍스트 정보를 포함합니다.</param>
    </member>
    <member name="T:Owin.GoogleAuthenticationExtensions">
      <summary>
        <see cref="T:Microsoft.Owin.Security.Google.GoogleAuthenticationMiddleware" />를 사용하기 위한 확장 메서드입니다.</summary>
    </member>
    <member name="M:Owin.GoogleAuthenticationExtensions.UseGoogleAuthentication(Owin.IAppBuilder)">
      <summary>Google OpenId를 사용하여 사용자를 인증합니다.</summary>
      <returns>업데이트된 <see cref="T:Owin.IAppBuilder" />입니다.</returns>
      <param name="app">구성 메서드로 전달되는 <see cref="T:Owin.IAppBuilder" />입니다.</param>
    </member>
    <member name="M:Owin.GoogleAuthenticationExtensions.UseGoogleAuthentication(Owin.IAppBuilder,Microsoft.Owin.Security.Google.GoogleAuthenticationOptions)">
      <summary>Google OpenId를 사용하여 사용자를 인증합니다.</summary>
      <returns>업데이트된 <see cref="T:Owin.IAppBuilder" />입니다.</returns>
      <param name="app">구성 메서드로 전달되는 <see cref="T:Owin.IAppBuilder" />입니다.</param>
      <param name="options">미들웨어 구성 옵션입니다.</param>
    </member>
    <member name="M:Owin.GoogleAuthenticationExtensions.UseGoogleAuthentication(Owin.IAppBuilder,Microsoft.Owin.Security.Google.GoogleOAuth2AuthenticationOptions)">
      <summary>Google OAuth 2.0을 사용하여 사용자를 인증합니다.</summary>
      <returns>업데이트된 <see cref="T:Owin.IAppBuilder" />입니다.</returns>
      <param name="app">구성 메서드로 전달되는 <see cref="T:Owin.IAppBuilder" />입니다.</param>
      <param name="options">미들웨어 구성 옵션입니다.</param>
    </member>
    <member name="M:Owin.GoogleAuthenticationExtensions.UseGoogleAuthentication(Owin.IAppBuilder,System.String,System.String)">
      <summary>Google OAuth 2.0을 사용하여 사용자를 인증합니다.</summary>
      <returns>업데이트된 <see cref="T:Owin.IAppBuilder" />입니다.</returns>
      <param name="app">구성 메서드로 전달되는 <see cref="T:Owin.IAppBuilder" />입니다.</param>
      <param name="clientId">Google 할당 클라이언트 ID입니다.</param>
      <param name="clientSecret">Google 할당 클라이언트 암호입니다.</param>
    </member>
  </members>
</doc>